3981|Lei Liu
974|Heinz Frank
1564|Emperor of Brazil Silva
4661|Michael Wang
3825|Richard Richter
2608|Wei Zhu
3633|Jun Wu
2886|Baoping Wu
143|Maria Alkaios
459|Jharana Bajracharya Rashid Shrestha
1259|Mee Vongvichit
94|Jun Hu
555|Chen Yang
2214|Alexander Ivanov
4511|Bing Zhang
4555|Wei Zhou
2788|Peter Schmidt
4231|Yang Zhang
4273|Jun Lu
3217|Esti Bahaina
3705|Bingjian Zhang
2191|Jaime Rojas
2004|Wei Xu
4755|Rudolf Wagner
407|Gregorio Manalo
1079|Faisal Qureshi
1103|Mehmet Ayhan
2783|Rafael Alonso
2917|Atsushi Yamada
3571|Akram Abuhatzira
4643|Ai Yan
2023|Andreas Svensson
2609|Takeshi Yamada
1419|Billy Barahona
3315|Marguerite Ravalomanana
150|Alfonso Alvarez
4986|Carlos Betancourt
4577|Hao Zhang
2862|Batong Ho
3962|Sergio Gonzalez
3412|Lei Wang
4005|Zheng Zhang
768|Abraham Townsend
1242|Hans Johansson
4693|Zhong Zhang
687|Jie Zhang
3748|Chen Yang
3730|Donnie Wei
267|Aburizal Mohede
3331|Gheorghe Kovacs
683|Marcelo Oliveira
3092|Ning Zhang
4644|Alexei Pliuschin
238|Burak Koksal
1434|Andrzej Zakrzewski
4624|Wei Zhu
1222|Ali Brar
1050|Rafael Magomaev
3688|Ismail Omar Mamo
2269|Chan Yoon
1909|Peng Li
4831|Yang Yan
987|Ali Diori
4848|Chau Nguyen
2317|Jiro Sato
2530|Aleksei Popov
4178|Lei Yan
1274|Roberto Fernandez
702|Alfonso Rodriguez
1490|John Wilson
4506|Luiz Gomes
3192|Yang Zhang
4139|Baruch Dego
4296|Peng Zhao
512|Lin Wang
4418|Samuel Akongo
3764|Muhammad Khan
3627|Sergey Vasilievich Iglinsky
3055|Alexander Dobrunov
1160|Ching Do
4281|Jharana Gurung
1959|Alberto Rodriguez
4290|Wei Chen
1355|Peter Taylor
1131|Lei Li
1077|Alfred Dijkstra
2310|Ferenc Kiss
367|Li Liu
3539|Ai Wang
1922|Khaled Aouadhi
2292|Daniil Popov
4018|Rodrigo Alves
709|Cesar Sotto
619|Hans Richter
250|Chen Wang
1481|Akira Takahashi
1269|Diana Zhang
318|Claude Radafison
96|Anson Chen
4428|Abraham Law-Yone
4688|Chen Lu
1148|Guillermo Rodriguez
932|Carlos Souza
3716|Anh Doan
3670|William Brown
3924|Zheng Chen
1949|Chen Yang
3949|Ayesha Butt
2588|Luis Alonso
4435|Jun Yang
3120|Carlos Gonzalez
1219|Prince Margaritoglou
583|Bingbing Zhang
4558|Hans Karlsson
3067|Aa Ngurah Mohede
2079|A. K. Amjad
4827|Bingjian Xu
4460|Jun Zhu
998|Carlos Abarca
3722|Marietta Garbi
3944|Armando Antonio
4233|Aleksandr Basov
2135|David Grenville
4008|Ammar Cardinale
1753|Tariq Malik
344|Leonid Makarova
3454|Yang Li
3676|Hideki Yamada
290|Ayesha Baloch
3522|Ali Lambo
1847|Jun Zhang
465|Lin Zhu
471|Zoran Aralica
4528|Zheng Yang
3247|Abraham Mamo
1979|Kostas Karachalios
1874|Jun Liu
3175|Bohuslav Kurková
4822|Alejandro Alvarez
378|Wilhelm Muller
1161|Li Zhang
3219|Artur Tavares
2843|Ben Zhu
3606|Andrew Kibona
933|Mahinda Perera
3587|Ahmad Chedid
2099|Juan Diaz
3781|John Harrison
1984|Angela Muller
2330|Zhong Wang
4952|Josef Richter
976|Wei Li
4607|Michael Hoffmann
1921|Abdel Halim Ali Shabana Hassan
3325|Faisal Hussain
3661|Marguerite Ravalomanana
4465|Wei Li
2698|Alexander Efimkin
3780|Chen Li
2165|Bertin Tchami
2194|Alexander Dobrunov
1644|Paul Roberts
772|Ashley Coetzee
2738|Eden Atias
2519|Pisith Chau
941|Aryo Tobing
3274|Alexander Anwar
3755|Antonio Oliveira
1925|Massamba Fuema
296|Zaenal Gallagher
102|Philibert Roindefo
2285|Zheng Liu
1276|Jim Smith
2266|Kemal Yasar
3212|Bona Pinder Yayumayalolo Akongo
4353|Huong Nguyen
3528|Richard Aquino
3500|Antonio Gonzalez
3060|Anson Xu
3601|Lin Wang
2304|Walter Hoffmann
1129|Carmen Lepland
870|Dionysis Karvelas
3558|Louis Nys
4598|Peng Yang
4689|Jim Thomas
2163|Cam Ho
3231|Aleksandr Garlitsky
2874|Jie Wu
2052|Valdas Kauspedas
609|Lei Yang
1726|John Ali
1573|Danijel Ali
3704|Albaye Papa Faye
3760|Zhi Li
3682|Claudia Costantino
2370|Yang Zhu
668|Nicolas Foucault
3039|Li Wang
4766|Chen Li
2197|Yang Zhang
959|Seung-Hoon Kim
345|David Herzigová
939|Alejandro Sumac
3897|Wei Yang
985|Wei Liu
2343|Babar Qureshi
2817|Lin Li
2329|Hao Chen
454|Fritz Richter
3914|Fernando Gonzalez
4615|Batong Ha
1099511632001|Eddie Santos
1099511628457|Eduardo Gutierrez
1099511629411|Fernando Alarcón
3309|Juan Cardenas
4408|John Smith
2792|Mike Fox
4534|David Jones
1509|Alexandre Pinzaru
1099511631132|Wei Li
1099511630163|Jun Li
1099511628892|Rodrigo Costa
65|Marc Ravalomanana
1099511631424|Baoping Huang
788|Howard Ha
2845|Frederick Kawawa
1099511630341|Alphonse Ambane
1099511628833|Ignacio Castillo
1125|Abdul Razzak Jahani
4047|Li Zhang
3991|Yang Zhang
1099511631249|James Mitchell
4279|Mohammad Reza Forouhar
1099511630297|Ernest B Merton
1791|Hao Liu
1099511631283|Cheng Wei
2965|Abdel Wahab Mahmoud
1099511628642|Li Li
4157|Aleksandr Basov
1099511630235|Ydnekatchew Guelleh
4765|Yang Wang
1099511629367|Gyula Laszlo
3779|Dita Hleb
1099511630113|Abdul Hay Jahani
1099511631747|Walter Fischer
1099511628629|Chen Li
1099511631072|Martin Martin
4143|Bich Phuong Le
1099511632392|Karl Hartmann
1099511629672|Chen Yang
3791|Djelaludin Zaland
4194|Hồ Chí Do
4892|Jun Zhang
4512|Jorge Gonzalez
1099511630379|Chen Chen
1099511630966|Chris Merton
1099511631204|Otto Kurková
2706|Mario Bindi
1521|Wei Yang
1099511628378|Dale Garcia
1099511630415|Lin Liu
1099511631917|Wei Li
1099511630227|Ali Achiou
1793|Jose Sanchez
4517|Adolfo Diaz
3994|Chen Xu
1099511632032|Aittiphon Amarttayakul
1099511629679|Ae-ra Cho
1099511629521|Valentin Barbu
1099511630680|Alfonso Campos
3911|Andry Rajoelina
1099511630960|Saad Abbaas
1099511631015|Artur Martins
4242|David Castillo
1099511629769|Jie Li
1734|Jose Fernandez
1099511631323|null
1099511628524|Dith Sisamouth
1099511628571|Benedict Yang
1099511632529|Ali Kamkar
1099511629258|Jacques Alcazar
1099511629296|Wilson Agudelo
2559|Mohammad Aligator
1099511631226|Mart Aas
1099511630967|Dominique Dia
1099511630201|Hyo-Jin Han
1099511629096|Pavel Kerndlova
1099511630797|Ayesha Ahmed
1099511628232|Wei Yang
1099511631095|Zhong Yang
1099511630682|Zheng Wang
1099511630087|Walter Muller
1099511628627|Zhong Yang
1099511631976|Andrei Hleb
1549|Yang Wang
1099511632742|Yang Yang
1099511631528|Walter Fischer
1099511631444|Michael Yang
1099511629117|Babar Hussain
1099511630189|Neil Evans
1099511631649|Johan Andersson
1099511630230|Abdoulaye Diouf
1099511632767|Zheng Hu
3453|Denis Ingram
1099511632044|Mike Young
1099511629854|Tayfun Sezer
1099511628211|Hao Chen
4207|Li Li
1099511632421|Jun Hu
1933|Muhammad Ahmed
1099511629614|Georgi Georgiev
1099511627912|Alexander Basov
1099511629508|Cam Loan
1099511628321|Walter Schmidt
1099511632601|Lei Wang
1099511631898|Kenji Matsudaira
1099511629359|Karim Ambane
1099511630252|Babar Khan
1099511629479|Jun Wang
2048|Taufik Arif
1099511628041|Anucha Supinyo
1099511631838|Yang Zhang
1099511629595|Alfonso Araujo Castro
1099511631947|P. Banda
1099511630776|Jie Liu
1099511632273|Jun Zhou
1099511632098|Daniele Russo
1099511632205|Zheng Wang
1099511630940|Wei Xu
1099511631981|Abdul-Malik Alhouthi
1099511628176|Konstantinos Antoniou
1099511628968|Andrey Aab
1099511630947|Dichen Gurung
1099511630654|Wuttichai Amornkiat
1099511628661|Rudolf Engel
1099511628800|Bo Xu
1099511629105|Ammar David
1099511628205|Eugenia Efimkin
1099511629519|Lei Zhang
1099511628776|Ion David
1099511632600|Henry Stewart
1099511628305|Gregorio Reyes
1099511629463|Mikhail Basov
1099511628676|Richard Lawson
1099511632387|Alexandre Costa
1099511632128|Hao Wang
1099511630703|Josef Herzigová
1099511630088|Lei Li
1099511629906|Alfonso Gonzalez
1099511632140|Juan Suarez
1099511628045|Ahmad Rafiq Irama
4758|Jose Costa
1099511628754|Pol Dara
1099511628460|Chi He
1099511631482|Javed Ahmed
1099511629287|Mathieu Bemba
1099511629845|Zheng Zhang
1099511628273|Enhua Li
1099511630314|Abderraouf David
1099511632141|Kaoru Sato
2035|Jun Yang
1099511632283|Igor Basov
1099511629960|Zhang Li
1099511631018|El-Farouk Adjaye
1099511628093|Ilguilas Lambo
1099511628122|David Murray
1099511629464|Chutima At-Savanon
1099511630204|Yang Zhao
1099511628545|dou Faye
1099511631749|Paul Popescu
1099511631563|Peng Chen
1099511628575|Ai Liu
1099511630354|Peng Zhang
1099511628858|Zeki Ak
1099511630436|Ai Xu
1099511632456|Bela Laszlo
1099511631844|Chokri David
1099511627984|Hayyim Gillett
1099511629741|Alexander Gallagher
1099511631168|Arthur Jones
1099511628443|Jonas Bergman
1099511631439|Vincent Seaton
1099511632632|Hao Zhang
2002|Carlos Rodriguez
1099511628301|Ibrahim Bare Ousmane
1099511630634|Howard Pham
1099511630661|Peng Yang
1099511628683|Alejandro Enriquez
1099511628748|Lev Kuzmina
1099511630552|Ge Li
1099511630588|Abdul Baseer Sadat
1099511632432|Joe Smith
1099511629501|Jie Zhu
1099511629851|Francis Reyes
1099511628760|Esti Mamo Dego
1099511632373|Artur Juric
1099511628095|Adriaen Dam
1099511628696|Cristian Diaz
1099511630952|Asim Qureshi
1099511628177|Fritz Fischer
1099511632155|Ulf Andersson
1099511628160|Ali Hasanov
1099511631950|Amy Leong
1099511628079|Norodom Chau
4767|Ching Ho
1099511628405|Yang Chen
1099511627884|Ruby Thapa
1099511632315|Janne Seppala
1099511630806|Alexander Basov
1099511632488|Tariq Ahmad
1099511630669|Francisco Alonso
1099511631126|Mehdi Khaleghi
1099511630963|Amber Hassan
1099511631775|Aad De Vries
1099511629352|Ge Liu
1099511631068|Dennis Murray
1099511630290|Aafia Khan
1099511630114|Mohamed David
1099511632669|Bing Li
1099511628817|Zhi Zhu
1099511628349|Choi Choi
1099511631578|Aisso Mamo
1099511628501|Allister Miller
1099511628164|Yang Chen
1099511630154|Alexander Kahnovich
1099511627887|Peng Liu
1099511628612|Celso Nascimento
1099511628111|Johan Lindberg
1099511631287|Rahim Qaderi
1099511627971|Bing Chen
1099511632751|Ning Li
1099511628587|Cesar Gonzales
1099511628402|Hideki Suzuki
1099511630504|Macky Mendy
1099511632568|Juan Luis González
1099511632213|Abdul Hameed Khan
1099511630737|Pol Dany
1099511629948|Zhang Zhang
1099511628651|Yang He
1099511631992|Marek Kowalski
1099511629940|Jie Chen
1099511631914|Asim Malik
1099511630403|Daniel Rodriguez
1099511630976|Adriaan Jong
1099511632199|El-Hadji Arona Faye
4570|Rahim Zaland
1099511632617|Akira Suzuki
1099511632099|null
1099511628966|Bing Zhang
1099511628022|Brian Wilson
1099511630454|Lei Wang
1099511631797|Fernando Alessandri
1099511631063|Abdou Faye
1099511631980|Sam Carter
1099511631199|Mohammad Ali Motamed
1099511631030|Nikki Cruz
1099511632041|Yang Yan
1099511632296|Gordon Coetzee
1099511628255|Rodrigo Balmaceda
1099511631802|Ivan Dobrunov
1099511629000|Wei Yang
1099511627782|null
1099511628534|Michael Xu
1099511632245|Tiffany Dumezweni
1099511630761|Cheng Zhang
1099511629040|Jun Wu
1099511629977|Hussein Badreddin Al- Izzard
1099511628913|Ferenc Kovacs
1099511632515|Prince Yamada
1099511629456|Hoang Yen Nguyen
1099511632106|null
1099511629430|Kamal Aziz
1929|Karl Fischer
1099511629073|Otto Herzigová
1099511627861|Hao Li
1099511629877|Prince Yamada
1099511628310|Georgios Antoniou
1099511628942|Carolina Alvarez
1099511629978|Pablo Diaz
1099511631630|Paul Johnson
1099511632689|Laszlo Toth
1099511629520|Palghat Karat
1099511631925|Hans Richter
1099511628744|Lei Liu
1099511628810|Alfonso Elizalde
1845|Roy Bell
1099511630039|Karishma Gurung
1099511632352|Arap Ngoche
1099511628680|Yang Zhang
1099511628173|Jacques Abdeslam
443|Ousmane Faye
1099511629515|Hans Becker
1099511629158|Cedric Ako
1099511632338|Rico Magalona
2199023260352|Jean-Pierre Bembo-Leta
1099511631587|Alejandro Araya
1099511630264|Kamal Mansour
1099511632772|Alexander Berman
1099511629268|Carlos Rodriguez
2199023256115|Yang Wei
1099511632144|null
2199023258386|null
2199023256649|Jorge Arango
3985|Chris Raghu
2199023256160|Steve Williams
2199023260094|Ernst Bauer
1099511631714|Carlo Perez
1099511629572|Albade Diori
1099511632362|Adel Mahmoud
1099511629535|Angel Evaristo
2199023256132|Mohamed Aouadhi
2199023256352|Alexander Popov
2199023259227|Ge Zhang
2199023256590|null
2199023257352|Wei Wang
2199023258499|Lin Zhang
2199023257110|Rene Buysse
2199023258673|Ricardo Calvert
2199023256332|Aburizal Tobing
1099511632118|null
2199023256940|Tom Williams
2199023257097|Wilhelm Schmidt
1099511630956|null
1099511632314|Ning Zhang
1099511629086|null
2199023259109|Baby Zhang
2199023255983|Ali Lambo
2199023256824|Jack Wilson
2199023257748|Taufik Tobing
1099511628790|Muhammad Balawan
2199023257021|Eko Maulana Irama
1099511629143|Alexander Budjana
2199023258772|null
2199023260102|Yang Wei
2199023257480|Fritz Engel
1829|null
2199023256211|Zdenek Balcar
2199023259961|null
2199023258254|David Sanchez
2199023259414|Salma Iqbal
2199023259517|Wei Zhao
2199023257979|null
2199023260104|Aleksandr Feinstein
2199023258320|Nick Smith
2199023257701|Yang Lu
1099511631718|Aad Jong
2199023259663|Hans Berg
2199023257168|Babar Ahmed
2199023260492|Ching Nguyen
2199023257543|Christopher Ako
2199023258529|null
2199023259592|Yosef Dayan
1099511631241|Hernaldo Zuniga
2199023260131|Chen Zhang
2199023257466|Jie Wang
2199023257181|Lin Zhang
2199023258095|Zheng Zhu
2199023258642|null
2199023258641|Erik Hansson
1099511630466|Abdulwahab Al-Shorabi
2199023256318|Jun Wang
2199023259854|S Herath
2199023255911|Rogerio Alves
2199023256182|null
2199023259841|Zeki Simsek
2199023257693|Pavel Kurková
1099511627909|Alexandr Akhmadiyeva
2199023257793|Richard Akongo
2199023256227|Roger Jones
2199023257694|Zhang Chen
2199023258605|null
2199023255593|Yang Wang
2199023258686|Akira Suzuki
1099511629021|null
1099511632307|Peng Zhang
2199023255872|null
2199023258237|Lin Wang
2199023258603|Wei Liu
2199023256610|null
2199023257942|null
2199023256195|null
2199023255890|null
2199023258935|null
2199023255786|David Wilson
2199023256120|Edwin Akbar
2946|null
1099511628488|Cam Ho
2199023259489|null
2199023257051|Prince Suzuki
2199023259748|null
2199023255837|null
2199023258354|Ahsan Ahmed
2199023260146|null
2199023257212|null
